Model,Accuracy,Precision,Recall,F1-Score,Training Time (s),Performance Class
Naive Bayes,0.967713004484305,0.8466257668711656,0.9261744966442953,0.8846153846153846,0.0013890266418457031,Low Performance
SVM,0.967713004484305,0.8951048951048951,0.8590604026845637,0.8767123287671232,7.237289905548096,Low Performance
Logistic Regression,0.9695067264573991,0.844311377245509,0.9463087248322147,0.8924050632911392,0.021632909774780273,Low Performance
Random Forest,0.9874439461883409,0.9787234042553191,0.9261744966442953,0.9517241379310345,0.8918790817260742,High Performance
XGBoost,0.9757847533632287,0.9295774647887324,0.8859060402684564,0.9072164948453608,0.352935791015625,Moderate Performance
Ensemble Voting,0.9748878923766816,0.9006622516556292,0.912751677852349,0.9066666666666666,8.25314712524414,Moderate Performance
