Model,Accuracy,Precision,Recall,F1-Score,Training Time (s),Performance Class
Naive Bayes,0.967713004484305,0.8466257668711656,0.9261744966442953,0.8846153846153846,0.0011210441589355469,Low Performance
SVM,0.967713004484305,0.8951048951048951,0.8590604026845637,0.8767123287671232,6.811938047409058,Low Performance
Logistic Regression,0.9695067264573991,0.844311377245509,0.9463087248322147,0.8924050632911392,0.01467585563659668,Low Performance
Random Forest,0.9874439461883409,0.9787234042553191,0.9261744966442953,0.9517241379310345,0.8470020294189453,High Performance
