Model,Accuracy,Precision,Recall,F1-Score,Training Time (s),Performance Class
Naive Bayes,0.967713004484305,0.8466257668711656,0.9261744966442953,0.8846153846153846,0.0018610954284667969,Low Performance
SVM,0.967713004484305,0.8951048951048951,0.8590604026845637,0.8767123287671232,6.717708110809326,Low Performance
Logistic Regression,0.9695067264573991,0.844311377245509,0.9463087248322147,0.8924050632911392,0.017337799072265625,Low Performance
Random Forest,0.9874439461883409,0.9787234042553191,0.9261744966442953,0.9517241379310345,0.9171140193939209,High Performance
KNN,0.9479820627802691,0.7660818713450293,0.8791946308724832,0.81875,0.06399989128112793,Low Performance
Gradient Boosting,0.95695067264574,0.8136645962732919,0.8791946308724832,0.8451612903225807,1.8340790271759033,Low Performance
XGBoost,0.9757847533632287,0.9295774647887324,0.8859060402684564,0.9072164948453608,0.33951687812805176,Moderate Performance
Ensemble Voting,0.9865470852017937,0.9926470588235294,0.9060402684563759,0.9473684210526315,9.559531927108765,Moderate Performance
